"ID",Title,Department,Location,Employment_Type,Experience_Level,Salary,Vacancies,Description,Responsibilities,Skills,Qualifications,Benefits,Work_Mode,Deadline,Status,Date_Added
software-engineer,Software Engineer,Engineering,Bengaluru,Full-Time,Mid-Senior,"₹12,00,000 - ₹18,00,000 / annum",2,We are seeking a talented Software Engineer to build and scale our next-generation hospitality platforms.,"Design and implement robust web APIs in Node.js
Collaborate with frontend engineers to integrate user-facing features
Optimize backend systems for maximum speed and scale","JavaScript, Node.js, Express, HTML/CSS, Git","B.Tech/B.E. in Computer Science or equivalent
2+ years of professional software development experience","Comprehensive Health Insurance
Flexible Hybrid Work Schedule
Performance Bonuses",Hybrid,2026-08-31,Open,2026-07-19T19:52:10.330Z
guest-relations-executive,Guest Relations Executive,Operations,Mumbai,Full-Time,Entry-Mid,"₹4,50,000 - ₹6,00,000 / annum",4,Join our customer operations team to deliver exceptional guest experiences across our properties.,"Welcome guests, check them in/out, and address inquiries
Coordinate with housekeeping and property partners for seamless service
Handle booking changes and resolve customer issues promptly","Communication, Customer Service, Problem Solving, MS Office","Bachelor's Degree in Hospitality Management or related field
Excellent verbal and written communication skills","Free Stays at Partner Properties
Health and Wellness allowances
Continuous career training",On-site,2026-07-31,Urgent Hiring,2026-07-19T19:52:10.330Z
digital-marketing-intern,Digital Marketing Intern,Marketing,Delhi,Internship,Entry Level,"₹15,000 - ₹20,000 / month",1,"Help us grow our brand presence across digital channels including social media, SEO, and paid ads.","Assist in managing Homzo's social media channels
Draft creative copywriting for emails and newsletters
Research keywords for SEO and content marketing strategies","Social Media Management, Canva, Copywriting, SEO basic","Pursuing or completed a Degree in Marketing, Communications, or related
Creative mindset with a keen eye for design and copywriting","Certificate of Internship
Letter of Recommendation
Full-time conversion opportunity",Remote,2026-07-15,Open,2026-07-19T19:52:10.330Z
general-application,General Application,General,Remote,Full-Time,All Levels,,10,Submit your resume and profile for general consideration. We are always looking for talented individuals to join our team across all departments.,"Share your background and career interests
Keep your profile updated with your latest achievements
State your preferred domain of work","Flexible skillsets, Proactive attitude, Team player","Any relevant degree or practical experience","Flexible Work Environment
Growth Opportunities",Remote,2026-12-31,Open,2026-07-20T12:00:00.000Z